rating_id,response_id,rating_score,feedback_comment,rated_at
1,1,3,Very accurate,2025-06-05 22:17:13
2,2,2,Poor formatting,2026-01-15 18:46:59
3,3,3,Excellent output,2025-08-11 23:16:27
4,4,1,Very accurate,2025-07-08 20:00:23
5,5,1,Fast and useful,2025-10-16 04:03:08
6,6,3,Needs improvement,2026-04-03 01:39:12
7,7,4,Too generic,2025-09-12 01:54:56
8,8,3,Needs improvement,2025-12-20 04:01:23
9,9,5,Excellent output,2025-11-24 12:00:40
10,10,4,Very accurate,2025-08-25 00:36:52
11,11,5,Needs improvement,2025-09-15 22:21:31
12,12,5,Needs improvement,2025-05-12 06:44:01
13,13,1,Too generic,2025-07-22 02:06:51
14,14,3,Fast and useful,2025-07-25 09:52:12
15,15,5,Poor formatting,2026-01-28 22:03:00
16,16,1,Too generic,2025-11-15 03:30:49
17,17,4,Fast and useful,2025-12-31 15:53:48
18,18,4,Very accurate,2025-05-27 10:57:42
19,19,3,Needs improvement,2026-02-10 20:01:38
20,20,2,Excellent output,2025-07-14 12:42:51
21,21,4,Helpful response,2026-01-22 16:40:55
22,22,1,Very accurate,2026-01-21 05:03:30
23,23,4,Excellent output,2025-12-27 19:41:12
24,24,1,Helpful response,2025-08-24 07:49:16
25,25,2,Too generic,2025-05-20 07:37:39
26,26,3,Too generic,2026-03-27 16:21:21
27,27,4,Needs improvement,2025-08-03 16:17:32
28,28,5,Excellent output,2025-11-14 20:21:28
29,29,3,Excellent output,2025-09-25 14:48:49
30,30,5,Excellent output,2025-08-01 06:26:12
31,31,4,Very accurate,2025-09-19 07:54:14
32,32,2,Poor formatting,2026-01-09 03:22:45
33,33,4,Excellent output,2026-01-30 17:10:25
34,34,5,Too generic,2025-07-24 04:49:31
35,35,1,Very accurate,2026-01-22 02:15:01
36,36,1,Excellent output,2026-02-20 14:21:18
37,37,4,Excellent output,2025-06-19 03:21:32
38,38,4,Fast and useful,2026-01-19 16:58:52
39,39,3,Very accurate,2025-07-25 08:10:06
40,40,3,Poor formatting,2025-07-07 15:26:18
41,41,3,Helpful response,2026-02-08 06:12:58
42,42,1,Too generic,2025-08-13 18:48:13
43,43,3,Helpful response,2026-02-19 13:52:22
44,44,5,Excellent output,2025-09-18 12:27:31
45,45,4,Very accurate,2025-06-26 07:41:05
46,46,4,Helpful response,2026-04-01 15:51:27
47,47,1,Poor formatting,2026-01-31 00:25:52
48,48,3,Too generic,2025-10-29 09:35:19
49,49,1,Excellent output,2026-01-30 18:44:11
50,50,2,Excellent output,2025-09-13 11:57:54
51,51,1,Needs improvement,2025-10-16 07:49:42
52,52,1,Very accurate,2025-10-30 17:24:40
53,53,4,Needs improvement,2026-03-26 20:27:01
54,54,2,Excellent output,2025-06-15 10:41:56
55,55,2,Fast and useful,2025-12-20 09:00:33
56,56,3,Poor formatting,2026-01-08 12:37:49
57,57,5,Excellent output,2025-09-18 06:26:04
58,58,1,Very accurate,2025-05-26 18:04:18
59,59,1,Excellent output,2026-03-20 04:21:38
60,60,1,Very accurate,2026-03-17 10:37:05
61,61,1,Very accurate,2026-03-26 00:33:30
62,62,3,Fast and useful,2026-03-08 16:17:37
63,63,5,Poor formatting,2026-02-16 10:46:06
64,64,4,Very accurate,2025-08-13 05:40:26
65,65,2,Needs improvement,2025-05-29 12:02:48
66,66,5,Helpful response,2025-09-28 16:41:41
67,67,1,Needs improvement,2025-10-11 18:22:47
68,68,3,Poor formatting,2025-11-19 00:37:25
69,69,2,Poor formatting,2025-10-31 22:44:32
70,70,5,Poor formatting,2025-12-10 01:05:34
71,71,4,Fast and useful,2025-06-01 05:58:20
72,72,4,Fast and useful,2025-11-01 10:55:10
73,73,1,Too generic,2026-03-11 00:20:39
74,74,5,Needs improvement,2025-06-03 08:58:07
75,75,5,Helpful response,2025-06-26 04:29:25
76,76,4,Very accurate,2026-02-04 13:48:35
77,77,3,Poor formatting,2026-04-06 14:13:29
78,78,4,Needs improvement,2026-03-04 11:35:26
79,79,1,Very accurate,2025-10-09 21:43:15
80,80,3,Fast and useful,2025-09-13 09:32:43
81,81,1,Very accurate,2025-07-06 06:27:54
82,82,5,Poor formatting,2025-08-26 15:22:00
83,83,2,Fast and useful,2026-04-03 03:11:37
84,84,2,Fast and useful,2026-04-05 02:44:22
85,85,1,Excellent output,2026-01-05 02:50:58
86,86,4,Excellent output,2025-08-29 18:35:44
87,87,2,Excellent output,2026-03-13 06:22:28
88,88,2,Helpful response,2025-12-04 17:58:34
89,89,4,Needs improvement,2025-12-28 18:11:46
90,90,4,Excellent output,2025-06-05 09:20:35
91,91,3,Needs improvement,2025-11-18 16:54:26
92,92,5,Poor formatting,2025-09-23 09:48:25
93,93,5,Too generic,2025-07-09 10:59:44
94,94,3,Poor formatting,2026-03-14 18:09:30
95,95,3,Fast and useful,2026-02-13 04:54:23
96,96,4,Fast and useful,2025-12-27 02:41:02
97,97,2,Poor formatting,2025-11-20 13:58:01
98,98,5,Excellent output,2025-08-08 17:52:16
99,99,2,Needs improvement,2025-11-21 11:50:24
100,100,3,Helpful response,2025-11-19 14:13:45
101,101,4,Poor formatting,2026-04-22 15:31:04
102,102,5,Too generic,2025-07-13 01:26:32
103,103,2,Poor formatting,2026-04-26 11:26:16
104,104,4,Needs improvement,2025-05-09 21:00:32
105,105,1,Very accurate,2026-04-25 13:10:45
106,106,4,Needs improvement,2026-02-09 05:58:02
107,107,3,Poor formatting,2025-06-06 00:08:41
108,108,5,Fast and useful,2025-09-12 17:10:21
109,109,1,Needs improvement,2025-06-24 05:54:29
110,110,4,Excellent output,2025-08-23 17:26:47
111,111,1,Needs improvement,2025-12-22 08:06:53
112,112,1,Helpful response,2025-11-05 14:52:19
113,113,2,Very accurate,2025-10-26 21:02:13
114,114,1,Helpful response,2025-11-17 05:03:48
115,115,5,Helpful response,2025-10-15 23:29:11
116,116,3,Very accurate,2025-08-20 12:10:29
117,117,1,Too generic,2025-12-17 09:12:35
118,118,1,Very accurate,2025-06-11 23:50:17
119,119,4,Needs improvement,2025-08-11 21:40:35
120,120,2,Helpful response,2025-10-10 15:49:09
121,121,5,Helpful response,2026-02-14 05:38:54
122,122,5,Very accurate,2025-06-10 07:14:34
123,123,1,Helpful response,2025-10-13 20:43:23
124,124,3,Very accurate,2026-04-06 04:51:23
125,125,1,Excellent output,2025-09-22 01:15:58
126,126,4,Fast and useful,2025-10-26 09:21:03
127,127,4,Needs improvement,2025-10-16 02:02:59
128,128,3,Needs improvement,2026-03-30 05:19:55
129,129,4,Needs improvement,2025-09-19 20:25:10
130,130,5,Very accurate,2025-06-30 19:04:29
131,131,5,Too generic,2025-11-21 16:10:42
132,132,4,Too generic,2026-04-23 17:17:25
133,133,4,Excellent output,2025-07-12 00:02:42
134,134,1,Fast and useful,2025-06-29 07:45:50
135,135,2,Excellent output,2026-02-05 09:39:28
136,136,2,Excellent output,2026-03-16 22:40:17
137,137,1,Excellent output,2026-02-23 22:35:07
138,138,5,Very accurate,2025-10-05 12:30:35
139,139,2,Excellent output,2025-06-19 11:25:16
140,140,5,Excellent output,2026-03-30 10:19:45
141,141,3,Needs improvement,2025-12-14 17:23:15
142,142,5,Fast and useful,2026-01-17 21:44:56
143,143,4,Helpful response,2025-09-12 15:09:13
144,144,4,Excellent output,2026-01-18 07:24:47
145,145,2,Fast and useful,2025-08-20 18:12:13
146,146,3,Helpful response,2026-02-07 11:01:21
147,147,2,Needs improvement,2026-05-04 02:30:48
148,148,2,Very accurate,2025-12-13 04:37:58
149,149,3,Fast and useful,2026-01-22 03:19:27
150,150,5,Very accurate,2026-03-20 16:36:07
151,151,1,Excellent output,2025-05-17 12:48:52
152,152,2,Too generic,2026-04-18 17:27:58
153,153,5,Helpful response,2026-04-06 07:38:56
154,154,3,Poor formatting,2025-06-28 05:19:02
155,155,2,Needs improvement,2025-12-12 20:53:38
156,156,3,Fast and useful,2025-09-03 18:00:21
157,157,1,Needs improvement,2025-12-12 13:12:41
158,158,2,Very accurate,2026-04-05 17:03:02
159,159,4,Needs improvement,2025-08-18 16:18:29
160,160,1,Fast and useful,2025-12-19 17:39:54
161,161,4,Helpful response,2026-03-06 17:54:26
162,162,3,Excellent output,2025-08-31 11:32:18
163,163,2,Very accurate,2025-07-21 00:10:36
164,164,1,Needs improvement,2026-01-23 21:12:09
165,165,1,Too generic,2026-04-04 09:24:38
166,166,3,Helpful response,2026-02-21 12:51:41
167,167,5,Excellent output,2026-03-20 14:40:22
168,168,4,Poor formatting,2025-08-15 18:15:42
169,169,2,Helpful response,2026-02-19 20:31:52
170,170,1,Excellent output,2026-04-06 16:33:48
171,171,1,Too generic,2025-09-09 13:03:26
172,172,3,Poor formatting,2025-11-02 04:58:28
173,173,2,Too generic,2025-11-10 20:15:44
174,174,5,Needs improvement,2026-03-28 02:10:07
175,175,2,Poor formatting,2026-03-18 10:22:51
176,176,1,Excellent output,2025-10-14 06:41:33
177,177,3,Poor formatting,2026-04-08 15:47:21
178,178,3,Helpful response,2025-10-08 18:25:12
179,179,4,Fast and useful,2025-06-07 03:59:15
180,180,3,Too generic,2026-02-12 15:52:30
181,181,3,Fast and useful,2026-04-15 15:16:34
182,182,4,Very accurate,2025-08-08 15:34:52
183,183,3,Helpful response,2026-04-30 01:30:19
184,184,1,Poor formatting,2025-12-04 22:50:05
185,185,3,Very accurate,2025-12-02 12:20:07
186,186,3,Too generic,2026-04-01 04:49:47
187,187,5,Helpful response,2025-10-25 00:24:39
188,188,1,Very accurate,2025-09-18 15:21:39
189,189,5,Fast and useful,2026-01-06 04:28:07
190,190,1,Needs improvement,2025-09-17 08:22:15
191,191,4,Poor formatting,2025-05-14 17:18:46
192,192,2,Fast and useful,2026-03-06 01:34:29
193,193,2,Very accurate,2026-02-18 11:24:59
194,194,4,Excellent output,2026-04-15 16:57:35
195,195,2,Too generic,2026-04-28 22:14:22
196,196,4,Very accurate,2025-05-21 12:29:06
197,197,2,Fast and useful,2026-02-06 21:58:01
198,198,1,Needs improvement,2026-04-20 20:00:28
199,199,4,Fast and useful,2025-12-20 14:21:03
200,200,1,Very accurate,2026-04-03 18:06:25
201,201,5,Helpful response,2025-06-12 10:33:35
202,202,5,Needs improvement,2026-02-03 04:32:30
203,203,3,Fast and useful,2025-09-28 01:19:11
204,204,3,Very accurate,2025-12-25 03:33:52
205,205,4,Too generic,2025-09-19 23:12:52
206,206,4,Very accurate,2026-02-12 01:16:16
207,207,3,Needs improvement,2025-10-10 18:48:18
208,208,1,Too generic,2026-02-21 14:06:22
209,209,5,Fast and useful,2025-10-27 14:35:06
210,210,3,Poor formatting,2025-11-24 13:22:44
211,211,5,Excellent output,2025-07-20 03:38:09
212,212,4,Poor formatting,2025-07-02 08:10:48
213,213,4,Too generic,2025-07-28 05:18:35
214,214,3,Very accurate,2025-12-13 11:47:06
215,215,1,Excellent output,2026-02-03 00:07:39
216,216,4,Fast and useful,2026-01-16 05:18:15
217,217,2,Helpful response,2026-02-20 04:51:33
218,218,2,Too generic,2026-03-08 22:10:28
219,219,3,Too generic,2026-03-01 00:57:01
220,220,5,Fast and useful,2025-09-26 22:11:33
221,221,2,Very accurate,2026-05-06 18:24:26
222,222,4,Very accurate,2026-02-26 05:45:11
223,223,1,Poor formatting,2025-12-23 21:52:35
224,224,3,Excellent output,2026-02-26 04:05:46
225,225,4,Excellent output,2025-07-20 10:43:54
226,226,2,Very accurate,2025-10-04 07:33:41
227,227,5,Excellent output,2026-03-17 18:20:21
228,228,1,Helpful response,2025-05-14 06:12:50
229,229,3,Excellent output,2026-05-02 01:16:42
230,230,4,Very accurate,2025-06-22 18:39:39
231,231,1,Excellent output,2025-12-19 06:13:17
232,232,3,Needs improvement,2026-03-07 07:53:58
233,233,3,Very accurate,2025-08-26 22:14:51
234,234,5,Fast and useful,2025-06-11 02:27:46
235,235,5,Needs improvement,2025-07-07 05:30:05
236,236,1,Fast and useful,2026-01-10 18:18:05
237,237,3,Needs improvement,2025-11-02 20:24:42
238,238,2,Helpful response,2025-05-20 05:59:39
239,239,5,Excellent output,2025-10-16 12:39:05
240,240,3,Needs improvement,2025-10-04 00:27:45
241,241,1,Helpful response,2025-06-18 12:37:53
242,242,3,Needs improvement,2025-12-12 13:24:53
243,243,4,Helpful response,2026-03-05 07:28:07
244,244,4,Excellent output,2025-09-12 09:27:57
245,245,3,Very accurate,2026-01-24 01:24:49
246,246,5,Very accurate,2025-08-05 13:16:18
247,247,2,Too generic,2025-10-14 11:11:53
248,248,4,Fast and useful,2025-05-21 15:59:02
249,249,3,Poor formatting,2026-02-06 07:25:15
250,250,5,Needs improvement,2025-11-30 13:42:20
251,251,2,Very accurate,2025-11-15 16:26:28
252,252,2,Helpful response,2025-12-02 01:38:16
253,253,5,Needs improvement,2025-05-24 11:33:48
254,254,3,Very accurate,2026-05-06 20:35:32
255,255,1,Very accurate,2025-10-25 13:34:02
256,256,5,Fast and useful,2025-06-30 01:47:41
257,257,4,Too generic,2025-05-08 14:37:02
258,258,2,Helpful response,2026-01-23 02:55:06
259,259,4,Excellent output,2025-07-01 15:28:25
260,260,2,Too generic,2025-05-19 14:51:54
261,261,4,Fast and useful,2026-04-23 18:44:13
262,262,3,Too generic,2026-04-06 12:17:35
263,263,3,Helpful response,2026-04-24 02:12:32
264,264,3,Helpful response,2025-08-03 03:03:18
265,265,4,Helpful response,2026-05-03 02:45:34
266,266,4,Helpful response,2026-01-09 12:11:08
267,267,1,Too generic,2026-02-08 19:50:48
268,268,1,Poor formatting,2025-07-30 16:44:54
269,269,4,Excellent output,2025-12-08 03:43:00
270,270,2,Too generic,2026-05-08 07:40:38
271,271,3,Poor formatting,2025-12-07 14:13:13
272,272,2,Too generic,2025-06-16 05:50:44
273,273,5,Very accurate,2025-06-03 05:32:35
274,274,2,Too generic,2025-07-08 16:04:20
275,275,5,Too generic,2025-05-12 18:15:02
276,276,3,Excellent output,2026-02-26 20:17:03
277,277,4,Needs improvement,2026-04-27 21:18:16
278,278,4,Fast and useful,2025-12-18 17:47:42
279,279,1,Helpful response,2026-01-03 06:17:53
280,280,5,Helpful response,2025-10-21 03:08:54
281,281,1,Excellent output,2025-10-09 03:05:21
282,282,1,Very accurate,2026-04-04 09:07:51
283,283,1,Very accurate,2025-11-09 11:25:59
284,284,5,Excellent output,2025-10-21 18:52:19
285,285,3,Too generic,2025-08-01 16:59:12
286,286,4,Fast and useful,2025-10-27 07:49:54
287,287,3,Poor formatting,2025-07-10 23:30:57
288,288,1,Excellent output,2025-05-15 02:35:56
289,289,5,Fast and useful,2025-07-24 17:55:38
290,290,5,Fast and useful,2026-01-14 13:10:52
291,291,1,Fast and useful,2025-10-27 16:26:00
292,292,2,Too generic,2025-08-03 03:31:34
293,293,2,Too generic,2025-08-30 23:45:08
294,294,4,Needs improvement,2026-03-05 01:21:01
295,295,2,Fast and useful,2025-08-13 12:09:39
296,296,2,Very accurate,2025-11-19 18:54:34
297,297,3,Fast and useful,2025-08-03 05:47:47
298,298,1,Poor formatting,2026-04-21 05:33:21
299,299,4,Too generic,2025-10-01 02:18:43
300,300,2,Excellent output,2025-09-25 18:15:51
301,301,1,Excellent output,2025-10-18 15:32:01
302,302,2,Too generic,2025-11-11 21:56:32
303,303,1,Too generic,2025-05-08 16:53:37
304,304,1,Needs improvement,2025-11-02 23:27:01
305,305,2,Excellent output,2026-01-12 02:44:59
306,306,4,Excellent output,2025-06-16 09:58:15
307,307,5,Helpful response,2025-12-19 07:26:59
308,308,4,Excellent output,2026-01-07 13:57:15
309,309,1,Very accurate,2026-02-02 19:57:56
310,310,4,Helpful response,2025-05-09 07:19:55
311,311,2,Poor formatting,2025-09-20 06:55:57
312,312,2,Poor formatting,2025-10-12 20:41:48
313,313,5,Very accurate,2026-01-19 09:32:43
314,314,5,Fast and useful,2026-04-06 04:49:40
315,315,4,Poor formatting,2025-09-11 22:15:23
316,316,5,Excellent output,2025-11-14 18:38:25
317,317,4,Needs improvement,2026-03-17 04:00:24
318,318,1,Needs improvement,2025-08-27 18:59:23
319,319,2,Poor formatting,2026-03-30 03:55:10
320,320,2,Needs improvement,2026-04-08 02:12:33
321,321,5,Fast and useful,2026-04-02 02:00:45
322,322,5,Needs improvement,2025-07-22 14:09:24
323,323,4,Helpful response,2025-12-23 01:22:33
324,324,3,Very accurate,2025-10-13 19:07:38
325,325,1,Too generic,2025-11-14 06:50:57
326,326,4,Very accurate,2025-11-10 02:09:50
327,327,3,Helpful response,2025-05-21 12:31:54
328,328,4,Fast and useful,2025-09-08 16:36:58
329,329,1,Helpful response,2025-08-17 13:16:23
330,330,4,Poor formatting,2025-10-07 05:11:21
331,331,4,Needs improvement,2026-03-22 06:46:38
332,332,1,Very accurate,2025-10-30 07:44:59
333,333,4,Excellent output,2025-07-25 11:30:13
334,334,5,Helpful response,2025-12-27 18:00:05
335,335,1,Too generic,2025-08-11 02:04:25
336,336,3,Excellent output,2025-06-06 19:19:23
337,337,5,Helpful response,2025-10-07 18:01:12
338,338,1,Very accurate,2025-08-13 21:49:27
339,339,2,Helpful response,2026-02-14 04:54:34
340,340,4,Very accurate,2025-12-26 04:18:20
341,341,1,Needs improvement,2025-05-10 12:28:48
342,342,3,Too generic,2025-12-23 14:20:05
343,343,5,Needs improvement,2026-02-20 18:21:22
344,344,3,Fast and useful,2025-09-18 00:59:19
345,345,5,Helpful response,2025-08-21 09:36:20
346,346,5,Excellent output,2025-10-20 15:48:41
347,347,2,Fast and useful,2026-04-20 15:05:34
348,348,2,Very accurate,2025-12-07 19:59:17
349,349,5,Very accurate,2026-01-17 05:48:51
350,350,4,Fast and useful,2025-12-01 04:52:16
351,351,2,Very accurate,2025-11-16 15:06:21
352,352,3,Helpful response,2026-02-22 03:36:59
353,353,1,Poor formatting,2025-08-09 23:01:33
354,354,4,Helpful response,2026-02-11 10:31:59
355,355,4,Too generic,2026-01-20 01:39:32
356,356,2,Too generic,2025-05-27 18:41:49
357,357,5,Poor formatting,2026-02-25 13:32:25
358,358,5,Very accurate,2025-09-22 17:27:58
359,359,2,Fast and useful,2025-11-25 07:14:09
360,360,3,Too generic,2025-11-19 12:37:58
361,361,5,Very accurate,2025-10-21 20:13:13
362,362,5,Too generic,2025-12-01 15:18:32
363,363,4,Excellent output,2025-06-25 16:28:09
364,364,1,Excellent output,2025-05-30 21:46:32
365,365,2,Needs improvement,2026-04-03 08:58:09
366,366,1,Fast and useful,2025-07-09 18:57:33
367,367,1,Helpful response,2025-09-13 16:33:53
368,368,4,Very accurate,2025-07-29 19:08:04
369,369,2,Poor formatting,2025-06-14 00:55:13
370,370,2,Excellent output,2025-06-30 09:07:24
371,371,2,Fast and useful,2025-12-23 09:14:23
372,372,4,Poor formatting,2026-03-15 07:58:09
373,373,4,Excellent output,2025-07-15 17:16:50
374,374,1,Too generic,2025-10-19 09:11:20
375,375,3,Excellent output,2026-03-30 05:06:04
376,376,1,Poor formatting,2026-04-15 22:36:44
377,377,1,Helpful response,2025-10-18 06:38:20
378,378,3,Too generic,2025-06-26 22:55:43
379,379,1,Needs improvement,2025-09-08 03:28:21
380,380,3,Excellent output,2025-08-22 00:17:40
381,381,4,Helpful response,2025-11-16 16:49:01
382,382,2,Fast and useful,2026-03-06 05:24:30
383,383,5,Too generic,2025-11-21 18:28:56
384,384,2,Needs improvement,2026-04-20 18:04:53
385,385,3,Helpful response,2025-05-27 05:53:05
386,386,4,Fast and useful,2026-01-29 21:50:18
387,387,3,Needs improvement,2025-05-21 00:23:48
388,388,2,Fast and useful,2025-12-13 04:36:23
389,389,2,Helpful response,2025-09-12 15:03:27
390,390,5,Poor formatting,2025-11-24 14:25:31
391,391,2,Excellent output,2025-05-28 10:16:05
392,392,5,Excellent output,2025-09-04 02:42:34
393,393,1,Needs improvement,2025-05-13 19:37:42
394,394,1,Poor formatting,2026-04-03 05:03:56
395,395,2,Excellent output,2025-06-12 12:36:22
396,396,3,Poor formatting,2026-03-07 02:09:03
397,397,4,Too generic,2025-08-30 11:06:18
398,398,5,Poor formatting,2025-10-05 06:41:49
399,399,1,Very accurate,2025-06-24 18:27:22
400,400,2,Fast and useful,2026-03-27 10:34:32
401,401,5,Helpful response,2025-09-07 20:27:20
402,402,2,Poor formatting,2025-12-30 14:35:58
403,403,2,Too generic,2026-03-10 03:36:32
404,404,4,Too generic,2025-11-05 15:15:06
405,405,3,Very accurate,2026-03-02 19:29:34
406,406,5,Too generic,2026-02-17 02:55:50
407,407,2,Poor formatting,2025-05-13 09:03:58
408,408,1,Helpful response,2025-05-24 05:00:45
409,409,4,Fast and useful,2025-05-18 06:18:49
410,410,4,Poor formatting,2025-06-04 15:32:46
411,411,1,Too generic,2026-04-29 05:04:26
412,412,1,Needs improvement,2025-12-19 13:03:31
413,413,5,Very accurate,2026-01-24 02:58:42
414,414,1,Excellent output,2025-05-29 22:07:20
415,415,4,Needs improvement,2026-04-18 13:44:13
416,416,1,Too generic,2026-05-02 15:34:31
417,417,5,Very accurate,2025-05-21 21:25:54
418,418,1,Needs improvement,2025-10-30 09:10:44
419,419,3,Poor formatting,2025-07-28 17:52:21
420,420,3,Helpful response,2025-11-25 21:51:17
421,421,3,Excellent output,2025-11-21 00:33:25
422,422,2,Very accurate,2026-05-07 16:26:53
423,423,1,Too generic,2025-09-09 16:39:23
424,424,5,Needs improvement,2025-08-16 09:14:56
425,425,5,Too generic,2025-10-07 18:11:23
426,426,5,Very accurate,2025-10-26 14:36:43
427,427,4,Too generic,2026-04-29 17:16:58
428,428,1,Too generic,2026-02-26 19:34:53
429,429,1,Too generic,2026-02-07 17:10:06
430,430,4,Very accurate,2025-08-06 08:23:48
431,431,1,Excellent output,2026-01-08 07:27:16
432,432,3,Helpful response,2025-09-05 08:18:14
433,433,3,Needs improvement,2026-02-15 05:42:41
434,434,3,Poor formatting,2025-11-17 00:21:27
435,435,1,Needs improvement,2025-08-26 06:13:07
436,436,2,Too generic,2025-08-11 02:17:12
437,437,3,Poor formatting,2026-04-01 07:42:15
438,438,1,Needs improvement,2025-10-11 09:46:20
439,439,4,Excellent output,2026-02-24 20:36:57
440,440,5,Too generic,2025-12-16 15:36:07
441,441,1,Very accurate,2025-08-06 10:07:02
442,442,1,Helpful response,2026-03-22 21:30:33
443,443,5,Fast and useful,2025-12-17 03:33:17
444,444,5,Excellent output,2026-01-10 10:00:08
445,445,5,Helpful response,2025-05-20 22:13:46
446,446,2,Very accurate,2025-12-09 15:59:22
447,447,1,Excellent output,2025-12-29 01:11:14
448,448,1,Helpful response,2025-08-23 15:11:03
449,449,5,Needs improvement,2025-06-17 23:11:53
450,450,3,Helpful response,2025-07-29 03:30:02
451,451,4,Very accurate,2025-06-19 00:09:32
452,452,2,Excellent output,2025-12-17 09:30:58
453,453,1,Excellent output,2025-11-30 14:25:01
454,454,2,Too generic,2025-09-08 19:30:24
455,455,5,Poor formatting,2025-12-17 17:33:45
456,456,4,Fast and useful,2025-10-02 02:48:18
457,457,1,Too generic,2025-11-17 15:52:02
458,458,4,Excellent output,2025-06-03 14:47:25
459,459,4,Poor formatting,2025-11-27 16:56:45
460,460,4,Fast and useful,2025-08-01 09:29:21
461,461,2,Helpful response,2025-07-03 00:59:58
462,462,4,Too generic,2025-06-19 17:50:58
463,463,2,Excellent output,2025-07-25 10:34:52
464,464,4,Excellent output,2025-05-13 11:38:27
465,465,5,Very accurate,2025-09-21 07:35:40
466,466,3,Needs improvement,2025-08-30 10:17:00
467,467,3,Helpful response,2025-06-26 04:57:56
468,468,1,Needs improvement,2026-05-05 11:36:00
469,469,2,Excellent output,2026-01-19 18:20:00
470,470,5,Excellent output,2025-12-04 15:40:36
471,471,2,Helpful response,2026-01-10 20:56:32
472,472,5,Too generic,2025-08-14 15:10:29
473,473,1,Poor formatting,2026-01-17 14:36:33
474,474,1,Poor formatting,2026-03-12 06:46:01
475,475,2,Poor formatting,2026-02-07 23:04:00
476,476,1,Excellent output,2025-07-15 08:23:19
477,477,1,Needs improvement,2025-09-24 13:02:27
478,478,4,Needs improvement,2026-01-08 02:22:15
479,479,3,Excellent output,2025-06-03 15:32:23
480,480,3,Very accurate,2025-06-17 13:13:33
481,481,5,Fast and useful,2025-06-10 22:58:44
482,482,2,Very accurate,2026-04-24 00:25:14
483,483,2,Too generic,2025-12-20 17:11:05
484,484,4,Helpful response,2026-01-18 04:18:21
485,485,1,Fast and useful,2025-05-24 14:00:01
486,486,1,Excellent output,2025-07-23 13:45:31
487,487,3,Too generic,2026-02-25 19:31:55
488,488,2,Helpful response,2025-09-22 13:36:24
489,489,3,Poor formatting,2025-12-27 19:11:08
490,490,2,Helpful response,2025-09-01 22:17:43
491,491,3,Very accurate,2026-04-07 06:01:36
492,492,5,Very accurate,2026-02-22 19:41:51
493,493,2,Too generic,2025-05-13 22:09:22
494,494,3,Very accurate,2025-12-18 17:38:21
495,495,5,Too generic,2025-08-30 10:24:44
496,496,1,Excellent output,2025-07-11 19:39:06
497,497,3,Helpful response,2026-01-20 08:39:02
498,498,5,Helpful response,2025-12-18 13:48:37
499,499,3,Excellent output,2025-08-26 02:46:08
500,500,2,Needs improvement,2025-06-01 19:38:02
501,501,5,Needs improvement,2026-03-24 23:56:13
502,502,3,Fast and useful,2025-07-17 19:05:21
503,503,5,Needs improvement,2025-09-07 02:05:31
504,504,1,Very accurate,2025-12-13 15:28:41
505,505,2,Excellent output,2025-10-29 12:04:38
506,506,2,Fast and useful,2026-01-04 16:14:43
507,507,4,Fast and useful,2026-01-06 00:00:30
508,508,4,Excellent output,2026-02-19 01:40:29
509,509,1,Helpful response,2026-03-22 22:56:36
510,510,1,Very accurate,2025-12-23 07:39:29
511,511,3,Too generic,2025-05-22 10:45:13
512,512,4,Very accurate,2026-02-15 07:53:26
513,513,1,Excellent output,2026-01-28 16:12:19
514,514,3,Poor formatting,2025-08-04 23:33:28
515,515,5,Helpful response,2026-02-27 14:44:51
516,516,4,Excellent output,2026-03-03 23:46:00
517,517,4,Helpful response,2025-07-01 12:22:27
518,518,4,Excellent output,2025-08-12 05:13:56
519,519,2,Needs improvement,2025-12-10 23:12:44
520,520,4,Needs improvement,2025-12-04 21:59:25
521,521,4,Too generic,2026-02-07 22:54:56
522,522,1,Fast and useful,2025-10-29 04:24:40
523,523,3,Excellent output,2026-01-27 04:13:37
524,524,5,Poor formatting,2025-10-17 22:51:07
525,525,3,Excellent output,2025-11-06 04:26:06
526,526,5,Poor formatting,2025-10-06 11:26:14
527,527,3,Poor formatting,2026-04-04 10:35:35
528,528,3,Poor formatting,2025-10-22 09:44:38
529,529,5,Needs improvement,2025-05-22 10:01:46
530,530,1,Very accurate,2026-01-09 01:39:05
531,531,5,Helpful response,2025-10-05 17:17:45
532,532,4,Poor formatting,2026-03-27 05:03:31
533,533,1,Poor formatting,2025-07-11 12:48:55
534,534,1,Too generic,2026-03-31 03:41:11
535,535,4,Fast and useful,2026-02-15 00:34:24
536,536,3,Poor formatting,2025-11-27 16:07:47
537,537,5,Helpful response,2025-12-18 12:11:15
538,538,4,Too generic,2026-05-07 13:57:56
539,539,5,Poor formatting,2025-09-09 16:14:21
540,540,5,Very accurate,2026-04-21 09:48:04
541,541,2,Helpful response,2026-03-29 14:17:00
542,542,4,Fast and useful,2025-06-04 22:00:56
543,543,2,Needs improvement,2026-04-20 14:53:22
544,544,1,Very accurate,2025-07-25 18:49:37
545,545,3,Excellent output,2026-03-07 16:18:37
546,546,2,Poor formatting,2026-03-27 05:35:32
547,547,5,Very accurate,2025-09-05 14:56:31
548,548,3,Too generic,2025-05-14 19:32:37
549,549,4,Excellent output,2026-01-14 20:36:56
550,550,5,Very accurate,2025-07-29 20:08:03
551,551,3,Very accurate,2025-12-13 10:25:34
552,552,3,Poor formatting,2025-12-31 23:11:59
553,553,5,Excellent output,2026-03-22 01:14:10
554,554,1,Very accurate,2025-11-07 00:14:10
555,555,5,Fast and useful,2025-12-07 23:21:41
556,556,3,Poor formatting,2025-07-31 22:36:21
557,557,3,Poor formatting,2025-12-01 14:52:24
558,558,2,Helpful response,2025-11-03 10:01:41
559,559,4,Excellent output,2025-08-27 16:49:30
560,560,4,Excellent output,2025-08-29 00:45:43
561,561,4,Excellent output,2026-01-23 04:35:41
562,562,3,Helpful response,2026-02-04 01:48:38
563,563,5,Needs improvement,2026-01-16 17:27:19
564,564,4,Excellent output,2025-07-22 20:06:02
565,565,5,Excellent output,2025-05-16 14:54:14
566,566,3,Too generic,2025-11-29 09:41:33
567,567,5,Very accurate,2025-06-16 03:15:13
568,568,1,Helpful response,2025-11-22 14:27:01
569,569,2,Very accurate,2025-07-23 15:56:22
570,570,3,Very accurate,2025-10-13 13:48:07
571,571,4,Needs improvement,2025-08-09 01:52:53
572,572,2,Fast and useful,2025-07-09 21:18:28
573,573,2,Needs improvement,2026-01-31 12:36:55
574,574,5,Fast and useful,2026-02-26 00:29:03
575,575,1,Needs improvement,2025-12-15 02:29:56
576,576,1,Fast and useful,2026-01-21 09:36:34
577,577,1,Needs improvement,2025-07-26 18:16:41
578,578,5,Poor formatting,2026-01-09 09:52:39
579,579,4,Too generic,2026-01-05 11:13:52
580,580,3,Excellent output,2026-04-12 05:08:00
581,581,5,Fast and useful,2026-01-29 00:03:19
582,582,2,Excellent output,2026-03-22 09:03:11
583,583,3,Very accurate,2025-10-29 04:56:57
584,584,1,Fast and useful,2026-02-06 09:00:44
585,585,3,Too generic,2025-05-11 15:22:42
586,586,1,Too generic,2025-07-17 09:00:57
587,587,2,Very accurate,2025-10-04 18:47:45
588,588,1,Excellent output,2026-02-24 10:06:44
589,589,5,Helpful response,2025-10-03 15:18:22
590,590,1,Too generic,2025-08-10 10:51:14
591,591,1,Needs improvement,2025-11-22 07:36:31
592,592,2,Very accurate,2025-07-12 03:02:01
593,593,5,Very accurate,2026-04-14 02:25:50
594,594,4,Excellent output,2025-05-10 01:04:59
595,595,4,Very accurate,2025-11-07 14:34:55
596,596,2,Excellent output,2025-06-24 20:51:45
597,597,3,Too generic,2025-09-20 13:52:04
598,598,3,Very accurate,2026-05-05 19:53:51
599,599,4,Fast and useful,2025-09-05 07:15:06
600,600,3,Helpful response,2025-12-11 12:25:57
601,601,3,Too generic,2025-06-08 08:08:30
602,602,1,Needs improvement,2025-12-08 06:59:12
603,603,3,Excellent output,2025-09-11 19:42:52
604,604,3,Needs improvement,2025-06-22 20:30:04
605,605,5,Excellent output,2025-08-02 17:25:47
606,606,1,Too generic,2025-08-03 00:53:43
607,607,2,Poor formatting,2026-03-24 16:35:19
608,608,3,Too generic,2026-04-10 02:05:47
609,609,5,Poor formatting,2025-06-18 06:42:03
610,610,5,Fast and useful,2025-06-07 11:57:17
611,611,3,Needs improvement,2026-03-19 22:55:17
612,612,4,Poor formatting,2025-11-06 19:45:22
613,613,5,Excellent output,2025-11-22 03:27:52
614,614,2,Helpful response,2025-10-16 11:39:14
615,615,1,Excellent output,2025-05-30 06:22:09
616,616,2,Too generic,2025-09-17 19:24:16
617,617,5,Too generic,2025-10-25 07:43:14
618,618,5,Fast and useful,2026-03-26 08:42:56
619,619,4,Too generic,2025-10-29 17:37:44
620,620,1,Poor formatting,2025-10-13 00:03:02
621,621,5,Poor formatting,2026-03-31 09:57:23
622,622,1,Too generic,2025-10-30 23:51:28
623,623,4,Fast and useful,2025-11-15 21:45:26
624,624,5,Too generic,2025-06-05 02:08:16
625,625,4,Very accurate,2025-12-24 14:18:30
626,626,3,Needs improvement,2025-06-30 09:05:36
627,627,5,Very accurate,2026-02-05 20:54:32
628,628,2,Very accurate,2026-03-08 02:53:33
629,629,2,Poor formatting,2026-04-12 16:50:27
630,630,3,Needs improvement,2026-03-19 23:43:42
631,631,4,Very accurate,2026-01-21 13:11:06
632,632,1,Fast and useful,2025-12-11 07:14:05
633,633,2,Helpful response,2025-12-08 23:12:28
634,634,4,Very accurate,2025-12-29 23:29:17
635,635,1,Very accurate,2025-06-29 16:06:58
636,636,5,Too generic,2026-02-28 17:50:24
637,637,1,Very accurate,2025-05-21 06:57:34
638,638,4,Too generic,2026-04-12 23:32:07
639,639,2,Helpful response,2025-08-04 17:57:40
640,640,4,Needs improvement,2025-05-31 06:33:27
641,641,5,Poor formatting,2026-05-01 08:21:37
642,642,2,Too generic,2025-07-07 22:45:21
643,643,2,Poor formatting,2025-11-30 10:06:01
644,644,4,Fast and useful,2025-10-27 17:29:03
645,645,5,Fast and useful,2025-09-09 10:43:34
646,646,2,Too generic,2026-03-16 12:08:44
647,647,3,Poor formatting,2025-10-25 09:01:22
648,648,3,Very accurate,2025-08-21 02:48:06
649,649,3,Excellent output,2025-05-21 08:08:36
650,650,1,Helpful response,2025-09-24 04:16:39
651,651,4,Too generic,2025-11-19 20:43:15
652,652,2,Too generic,2026-01-05 18:19:33
653,653,4,Fast and useful,2026-02-24 12:49:27
654,654,2,Needs improvement,2026-04-26 00:28:20
655,655,4,Excellent output,2025-07-19 10:46:47
656,656,2,Excellent output,2025-08-08 20:22:16
657,657,4,Very accurate,2026-01-27 06:02:13
658,658,5,Fast and useful,2026-03-28 23:39:05
659,659,4,Fast and useful,2025-05-13 08:32:11
660,660,1,Needs improvement,2025-07-28 13:57:05
661,661,1,Poor formatting,2025-10-17 12:40:26
662,662,4,Excellent output,2025-05-13 08:43:33
663,663,2,Excellent output,2025-10-02 03:48:53
664,664,2,Too generic,2025-10-25 09:30:55
665,665,5,Helpful response,2025-11-14 03:54:39
666,666,4,Very accurate,2025-11-30 02:37:42
667,667,2,Helpful response,2025-11-11 14:07:33
668,668,5,Needs improvement,2025-06-20 08:19:52
669,669,3,Excellent output,2025-12-25 06:19:10
670,670,3,Poor formatting,2026-04-11 22:45:28
671,671,3,Too generic,2026-01-13 04:55:48
672,672,5,Too generic,2025-07-13 06:05:49
673,673,1,Fast and useful,2025-08-19 17:55:18
674,674,1,Excellent output,2026-02-27 08:07:53
675,675,3,Helpful response,2025-12-26 05:17:54
676,676,4,Fast and useful,2025-11-07 16:40:50
677,677,4,Fast and useful,2026-01-20 13:51:30
678,678,4,Very accurate,2026-05-04 01:07:18
679,679,4,Fast and useful,2025-07-15 06:44:53
680,680,2,Fast and useful,2025-10-02 03:11:47
681,681,2,Fast and useful,2025-09-11 00:22:35
682,682,5,Poor formatting,2025-09-17 23:54:38
683,683,5,Excellent output,2026-02-23 20:29:31
684,684,2,Excellent output,2026-04-15 06:16:20
685,685,5,Too generic,2025-11-05 01:10:05
686,686,3,Fast and useful,2025-06-02 05:48:09
687,687,4,Helpful response,2025-07-20 20:44:14
688,688,3,Helpful response,2026-05-01 22:54:44
689,689,2,Too generic,2025-10-12 13:38:42
690,690,5,Very accurate,2025-08-25 18:32:12
691,691,1,Needs improvement,2025-12-18 02:23:29
692,692,3,Helpful response,2026-03-31 03:32:23
693,693,3,Excellent output,2025-10-16 04:37:27
694,694,5,Too generic,2025-11-09 10:23:58
695,695,5,Too generic,2025-08-16 19:47:08
696,696,5,Poor formatting,2026-02-03 09:53:29
697,697,4,Very accurate,2025-09-26 11:53:27
698,698,3,Helpful response,2025-06-14 03:01:06
699,699,3,Poor formatting,2026-02-02 00:03:43
700,700,2,Needs improvement,2026-02-21 16:46:30
701,701,1,Poor formatting,2025-09-05 09:39:11
702,702,2,Helpful response,2025-09-08 04:34:34
703,703,5,Very accurate,2025-08-05 05:14:42
704,704,5,Too generic,2025-10-31 02:32:31
705,705,3,Excellent output,2025-09-23 17:48:53
706,706,3,Very accurate,2026-03-01 15:04:25
707,707,2,Excellent output,2025-07-16 08:12:00
708,708,3,Very accurate,2025-09-23 08:54:46
709,709,4,Helpful response,2025-10-27 12:44:38
710,710,2,Needs improvement,2026-02-11 15:08:25
711,711,3,Very accurate,2025-09-02 00:18:56
712,712,5,Poor formatting,2026-03-17 15:30:03
713,713,1,Needs improvement,2025-08-31 17:46:07
714,714,3,Needs improvement,2026-01-26 14:37:56
715,715,1,Needs improvement,2026-03-19 05:50:19
716,716,5,Poor formatting,2026-03-24 04:26:02
717,717,5,Poor formatting,2025-11-25 13:58:57
718,718,2,Excellent output,2025-11-30 21:04:33
719,719,5,Excellent output,2025-07-04 02:46:16
720,720,5,Too generic,2026-04-05 19:04:35
721,721,2,Excellent output,2025-09-10 19:48:24
722,722,4,Poor formatting,2025-07-01 12:07:48
723,723,1,Very accurate,2026-02-12 01:37:22
724,724,2,Very accurate,2025-10-18 03:43:45
725,725,5,Helpful response,2026-01-17 14:08:05
726,726,4,Too generic,2026-03-31 23:10:12
727,727,2,Poor formatting,2025-12-28 17:22:08
728,728,4,Very accurate,2025-12-17 00:49:42
729,729,1,Fast and useful,2025-05-27 04:16:20
730,730,1,Helpful response,2026-02-06 23:28:47
731,731,4,Helpful response,2025-06-21 00:31:38
732,732,3,Excellent output,2026-03-21 09:04:20
733,733,2,Very accurate,2025-11-26 12:31:00
734,734,1,Very accurate,2025-09-27 04:46:46
735,735,1,Fast and useful,2025-06-17 19:24:48
736,736,2,Fast and useful,2026-02-28 05:20:01
737,737,1,Very accurate,2026-05-02 18:08:33
738,738,2,Too generic,2025-06-17 08:12:10
739,739,3,Very accurate,2026-03-22 08:57:27
740,740,4,Fast and useful,2025-06-20 21:52:25
741,741,5,Fast and useful,2025-09-07 12:54:40
742,742,1,Fast and useful,2026-02-18 02:12:40
743,743,3,Excellent output,2025-10-23 09:44:29
744,744,4,Excellent output,2025-11-09 07:35:17
745,745,5,Very accurate,2026-04-20 04:44:21
746,746,2,Poor formatting,2025-08-13 06:53:42
747,747,5,Fast and useful,2026-03-10 02:32:05
748,748,1,Fast and useful,2025-08-06 12:24:48
749,749,1,Needs improvement,2025-12-05 09:13:07
750,750,2,Too generic,2026-04-09 02:35:59
751,751,4,Poor formatting,2025-09-19 01:13:06
752,752,2,Fast and useful,2025-06-06 06:57:18
753,753,2,Very accurate,2025-09-09 12:22:41
754,754,4,Needs improvement,2025-11-02 22:57:03
755,755,4,Poor formatting,2025-10-21 11:33:05
756,756,2,Fast and useful,2025-08-27 17:33:42
757,757,4,Very accurate,2026-02-18 04:13:02
758,758,2,Needs improvement,2025-10-18 14:54:12
759,759,1,Too generic,2025-11-16 08:29:57
760,760,2,Excellent output,2025-05-22 17:31:06
761,761,4,Excellent output,2026-01-15 09:08:24
762,762,4,Too generic,2025-09-28 08:27:10
763,763,5,Needs improvement,2025-05-31 17:49:36
764,764,2,Excellent output,2026-01-20 01:04:30
765,765,4,Fast and useful,2025-10-15 23:58:13
766,766,3,Too generic,2026-02-23 22:53:16
767,767,4,Fast and useful,2026-04-09 12:27:41
768,768,5,Needs improvement,2026-04-02 01:08:48
769,769,3,Helpful response,2025-11-30 23:04:12
770,770,5,Fast and useful,2025-05-11 22:06:27
771,771,2,Very accurate,2025-12-30 15:45:02
772,772,2,Very accurate,2025-12-05 19:56:16
773,773,4,Helpful response,2025-07-25 21:15:38
774,774,4,Too generic,2025-11-20 01:35:58
775,775,3,Too generic,2026-02-17 20:47:57
776,776,4,Very accurate,2025-07-28 16:47:21
777,777,1,Needs improvement,2025-06-03 15:02:42
778,778,1,Poor formatting,2026-04-07 02:52:39
779,779,3,Helpful response,2025-12-20 16:53:13
780,780,4,Very accurate,2025-08-03 01:36:28
781,781,2,Fast and useful,2025-08-16 23:38:15
782,782,4,Excellent output,2025-10-23 20:20:31
783,783,2,Helpful response,2025-09-11 00:12:22
784,784,3,Fast and useful,2026-02-05 04:09:13
785,785,1,Very accurate,2025-05-31 20:08:13
786,786,4,Fast and useful,2025-07-16 06:08:37
787,787,2,Poor formatting,2026-02-27 06:04:30
788,788,4,Poor formatting,2025-11-12 15:13:48
789,789,4,Too generic,2025-09-09 14:54:24
790,790,4,Fast and useful,2025-11-22 01:30:48
791,791,2,Excellent output,2025-10-21 16:13:20
792,792,3,Very accurate,2025-05-28 09:04:23
793,793,5,Needs improvement,2025-08-12 21:16:42
794,794,4,Excellent output,2026-05-01 07:10:20
795,795,5,Poor formatting,2026-01-06 06:59:49
796,796,3,Very accurate,2025-09-01 12:38:07
797,797,3,Helpful response,2026-02-22 06:19:21
798,798,4,Poor formatting,2026-02-21 20:55:22
799,799,4,Helpful response,2026-04-22 20:03:44
800,800,4,Very accurate,2025-09-18 23:12:08
801,801,1,Very accurate,2025-10-01 16:10:22
802,802,4,Fast and useful,2025-07-26 01:42:20
803,803,2,Very accurate,2026-01-30 13:57:44
804,804,1,Very accurate,2025-08-09 22:38:06
805,805,4,Helpful response,2026-04-05 00:49:06
806,806,2,Too generic,2025-07-27 13:17:38
807,807,2,Too generic,2026-03-06 06:03:59
808,808,2,Poor formatting,2025-12-04 05:34:25
809,809,1,Too generic,2025-12-18 20:03:55
810,810,5,Very accurate,2025-07-05 20:50:17
811,811,2,Too generic,2025-08-11 04:08:04
812,812,5,Excellent output,2025-09-02 02:13:33
813,813,1,Poor formatting,2026-01-05 12:56:26
814,814,4,Excellent output,2026-04-17 07:36:00
815,815,3,Very accurate,2025-09-24 23:19:38
816,816,5,Excellent output,2025-07-01 01:58:40
817,817,1,Too generic,2025-08-24 15:26:13
818,818,2,Very accurate,2026-03-03 02:23:33
819,819,5,Needs improvement,2025-09-10 00:05:17
820,820,2,Poor formatting,2025-10-30 21:32:04
821,821,5,Helpful response,2025-05-29 03:29:23
822,822,2,Very accurate,2025-09-16 23:39:34
823,823,2,Very accurate,2025-06-07 06:50:26
824,824,3,Helpful response,2025-09-08 08:39:10
825,825,2,Too generic,2026-04-08 17:02:24
826,826,2,Excellent output,2026-04-15 08:00:46
827,827,1,Poor formatting,2026-04-12 16:14:39
828,828,1,Poor formatting,2025-09-16 07:16:11
829,829,5,Excellent output,2026-02-12 21:49:04
830,830,5,Helpful response,2025-11-07 01:23:39
831,831,4,Excellent output,2026-04-04 16:36:47
832,832,2,Very accurate,2025-11-30 08:14:08
833,833,3,Excellent output,2026-05-07 20:00:48
834,834,2,Fast and useful,2026-01-11 02:13:34
835,835,2,Excellent output,2025-06-29 04:01:39
836,836,3,Fast and useful,2025-10-11 14:50:21
837,837,1,Poor formatting,2025-07-22 01:01:52
838,838,4,Fast and useful,2025-12-02 06:21:30
839,839,4,Needs improvement,2025-12-05 13:35:53
840,840,3,Poor formatting,2025-05-11 06:21:47
841,841,1,Excellent output,2026-03-24 07:07:15
842,842,1,Too generic,2026-01-11 19:38:22
843,843,4,Excellent output,2025-07-25 23:38:52
844,844,1,Fast and useful,2026-03-16 14:40:24
845,845,5,Too generic,2025-07-11 20:55:05
846,846,2,Excellent output,2025-08-20 22:23:53
847,847,5,Poor formatting,2026-01-26 08:12:14
848,848,4,Needs improvement,2026-02-19 07:46:44
849,849,5,Poor formatting,2026-04-12 16:51:48
850,850,3,Poor formatting,2026-04-25 23:04:45
851,851,3,Helpful response,2025-07-03 18:38:12
852,852,5,Fast and useful,2025-11-04 12:36:31
853,853,1,Very accurate,2025-06-11 18:25:41
854,854,3,Helpful response,2025-10-01 22:49:30
855,855,2,Excellent output,2025-06-20 02:09:21
856,856,3,Fast and useful,2026-01-21 15:02:44
857,857,5,Helpful response,2025-11-28 08:24:30
858,858,4,Very accurate,2026-02-22 14:35:22
859,859,4,Excellent output,2026-01-24 04:48:20
860,860,2,Helpful response,2025-10-06 16:02:57
861,861,5,Very accurate,2026-03-04 11:52:13
862,862,4,Very accurate,2025-07-09 17:48:39
863,863,5,Too generic,2026-02-10 02:36:28
864,864,2,Helpful response,2026-05-04 09:06:48
865,865,1,Helpful response,2026-01-30 12:44:43
866,866,4,Very accurate,2025-11-22 21:07:08
867,867,5,Fast and useful,2026-04-26 10:59:10
868,868,1,Helpful response,2026-01-08 18:00:56
869,869,2,Too generic,2025-10-02 01:35:54
870,870,1,Helpful response,2025-12-19 13:58:40
871,871,2,Helpful response,2026-05-06 15:39:30
872,872,3,Helpful response,2025-11-04 00:32:44
873,873,5,Excellent output,2026-02-18 02:25:38
874,874,3,Very accurate,2025-08-13 18:50:19
875,875,2,Poor formatting,2025-11-11 06:55:16
876,876,1,Excellent output,2025-10-17 15:39:55
877,877,5,Needs improvement,2026-02-13 05:56:33
878,878,2,Poor formatting,2026-03-17 03:06:40
879,879,4,Too generic,2025-07-17 04:22:50
880,880,2,Excellent output,2026-04-19 20:28:07
881,881,2,Helpful response,2025-07-31 01:28:15
882,882,5,Poor formatting,2026-01-09 00:08:58
883,883,4,Too generic,2025-11-06 14:59:35
884,884,5,Poor formatting,2025-05-17 21:05:13
885,885,2,Excellent output,2025-07-28 13:03:09
886,886,4,Very accurate,2026-01-29 04:12:51
887,887,4,Very accurate,2025-12-10 10:58:33
888,888,3,Poor formatting,2025-09-19 03:18:11
889,889,2,Excellent output,2026-01-16 07:54:40
890,890,3,Fast and useful,2025-08-24 17:25:12
891,891,5,Too generic,2025-11-06 16:46:20
892,892,4,Poor formatting,2025-12-11 21:59:42
893,893,1,Very accurate,2026-02-26 11:38:28
894,894,2,Poor formatting,2025-10-27 17:23:08
895,895,5,Poor formatting,2026-02-24 10:00:26
896,896,4,Too generic,2026-04-11 07:21:13
897,897,4,Very accurate,2026-02-02 06:24:06
898,898,2,Very accurate,2025-07-19 08:10:52
899,899,4,Fast and useful,2025-10-15 19:18:46
900,900,4,Too generic,2025-11-28 20:17:22
901,901,5,Poor formatting,2025-06-14 14:33:28
902,902,1,Excellent output,2025-12-16 00:09:11
903,903,4,Fast and useful,2026-04-10 08:32:56
904,904,1,Helpful response,2025-07-20 19:30:00
905,905,2,Poor formatting,2026-04-29 20:22:34
906,906,1,Needs improvement,2025-06-25 01:00:10
907,907,5,Fast and useful,2026-03-13 16:05:22
908,908,1,Needs improvement,2025-12-31 12:09:53
909,909,2,Helpful response,2025-07-07 12:47:49
910,910,1,Excellent output,2025-07-16 18:57:56
911,911,4,Helpful response,2026-02-13 11:12:29
912,912,2,Fast and useful,2025-12-16 10:32:00
913,913,5,Helpful response,2025-08-25 06:32:57
914,914,2,Fast and useful,2025-06-12 09:22:15
915,915,5,Helpful response,2026-03-04 02:30:00
916,916,4,Excellent output,2026-03-12 18:16:47
917,917,3,Excellent output,2026-02-09 03:00:35
918,918,4,Very accurate,2025-07-15 13:35:07
919,919,3,Too generic,2026-05-05 17:36:28
920,920,3,Too generic,2026-02-04 20:13:52
921,921,3,Too generic,2025-08-02 21:42:03
922,922,2,Needs improvement,2025-07-01 12:08:55
923,923,3,Too generic,2025-11-22 13:28:27
924,924,2,Poor formatting,2026-02-25 00:37:38
925,925,5,Fast and useful,2026-02-03 02:22:13
926,926,3,Too generic,2025-05-08 17:02:03
927,927,5,Very accurate,2026-04-10 01:20:07
928,928,4,Helpful response,2026-05-08 00:23:37
929,929,2,Very accurate,2026-03-01 03:38:43
930,930,2,Needs improvement,2026-04-05 11:51:36
931,931,5,Fast and useful,2025-10-07 11:22:44
932,932,4,Excellent output,2025-07-19 08:15:53
933,933,3,Helpful response,2025-09-20 16:21:10
934,934,2,Needs improvement,2025-08-09 18:58:55
935,935,4,Excellent output,2026-01-29 10:29:23
936,936,1,Very accurate,2025-12-19 11:44:24
937,937,2,Needs improvement,2025-08-13 16:40:54
938,938,1,Too generic,2026-04-10 06:00:21
939,939,4,Very accurate,2026-02-16 17:52:47
940,940,1,Excellent output,2025-06-14 03:28:12
941,941,5,Helpful response,2026-04-27 07:07:59
942,942,5,Needs improvement,2025-11-19 05:03:00
943,943,1,Very accurate,2025-09-25 08:19:27
944,944,5,Needs improvement,2025-08-22 23:09:18
945,945,3,Fast and useful,2025-09-18 01:03:03
946,946,1,Needs improvement,2025-09-28 06:28:25
947,947,3,Very accurate,2025-08-24 08:59:24
948,948,4,Too generic,2025-06-02 08:24:39
949,949,3,Very accurate,2026-03-31 20:10:31
950,950,5,Poor formatting,2025-12-03 17:14:04
951,951,4,Very accurate,2026-01-01 08:43:35
952,952,5,Too generic,2025-07-11 02:15:50
953,953,2,Excellent output,2025-09-08 22:40:56
954,954,5,Needs improvement,2025-12-03 13:39:18
955,955,1,Fast and useful,2026-04-21 21:37:19
956,956,2,Very accurate,2025-11-30 02:22:25
957,957,2,Very accurate,2026-04-18 02:59:16
958,958,5,Excellent output,2026-05-01 13:51:15
959,959,2,Poor formatting,2026-04-29 04:49:17
960,960,5,Too generic,2025-08-09 03:54:55
961,961,4,Very accurate,2025-06-10 13:12:27
962,962,5,Poor formatting,2025-08-17 19:13:46
963,963,5,Too generic,2026-03-01 17:55:04
964,964,3,Poor formatting,2025-05-09 17:29:24
965,965,5,Fast and useful,2025-05-28 04:50:06
966,966,4,Needs improvement,2026-04-19 04:22:14
967,967,2,Excellent output,2025-08-06 12:35:24
968,968,2,Needs improvement,2025-09-20 03:39:57
969,969,1,Poor formatting,2025-10-11 13:59:13
970,970,5,Needs improvement,2025-08-03 13:53:53
971,971,2,Needs improvement,2025-05-19 04:49:13
972,972,4,Poor formatting,2025-07-26 04:16:00
973,973,1,Very accurate,2026-04-24 15:13:14
974,974,1,Excellent output,2026-04-28 15:00:10
975,975,2,Too generic,2025-07-08 21:23:08
976,976,4,Helpful response,2025-11-20 11:40:46
977,977,4,Very accurate,2025-07-05 20:12:39
978,978,3,Too generic,2025-10-22 18:00:25
979,979,1,Needs improvement,2025-11-08 17:47:44
980,980,5,Helpful response,2025-07-21 10:10:11
981,981,4,Poor formatting,2025-09-12 02:02:54
982,982,4,Fast and useful,2026-01-22 15:42:08
983,983,4,Very accurate,2025-09-02 21:54:15
984,984,3,Poor formatting,2026-04-11 14:58:27
985,985,5,Very accurate,2026-01-01 03:39:57
986,986,5,Excellent output,2025-05-11 20:29:13
987,987,5,Poor formatting,2025-09-05 01:58:47
988,988,2,Needs improvement,2025-10-28 20:11:56
989,989,3,Fast and useful,2025-12-19 09:56:09
990,990,2,Poor formatting,2026-03-20 04:39:53
991,991,4,Too generic,2026-02-25 13:07:39
992,992,4,Helpful response,2025-12-06 15:12:27
993,993,3,Fast and useful,2025-10-03 00:37:04
994,994,1,Too generic,2025-09-25 06:04:31
995,995,4,Fast and useful,2025-10-27 09:15:43
996,996,3,Needs improvement,2025-06-16 06:26:27
997,997,1,Poor formatting,2025-10-21 00:26:07
998,998,3,Poor formatting,2026-03-26 00:25:14
999,999,4,Poor formatting,2026-03-12 09:08:51
1000,1000,3,Fast and useful,2025-11-19 23:10:57
